graph_family,vertices,edges,seed,algorithm,peak_working_set_bytes,components
path,10000,9999,0,kosaraju,6598656,10000
path,10000,9999,0,tarjan,6750208,10000
cycle,10000,10000,0,kosaraju,6582272,1
cycle,10000,10000,0,tarjan,6778880,1
path,100000,99999,0,kosaraju,15294464,100000
path,100000,99999,0,tarjan,14704640,100000
cycle,100000,100000,0,kosaraju,15290368,1
cycle,100000,100000,0,tarjan,14708736,1
path,1000000,999999,0,kosaraju,102076416,1000000
path,1000000,999999,0,tarjan,94650368,1000000
cycle,1000000,1000000,0,kosaraju,102060032,1
cycle,1000000,1000000,0,tarjan,94597120,1
sparse_random,1000,4000,14487692,kosaraju,5935104,33
sparse_random,1000,4000,14487692,tarjan,5898240,33
sparse_random,2000,8000,14487692,kosaraju,6291456,70
sparse_random,2000,8000,14487692,tarjan,6168576,70
sparse_random,4000,16000,14487692,kosaraju,6918144,151
sparse_random,4000,16000,14487692,tarjan,6787072,151
sparse_random,8000,32000,14487692,kosaraju,8232960,314
sparse_random,8000,32000,14487692,tarjan,7946240,314
sparse_random,16000,64000,14487692,kosaraju,10752000,659
sparse_random,16000,64000,14487692,tarjan,10166272,659
sparse_random,32000,128000,14487692,kosaraju,15814656,1285
sparse_random,32000,128000,14487692,tarjan,14594048,1285
sparse_random,64000,256000,14487692,kosaraju,25759744,2587
sparse_random,64000,256000,14487692,tarjan,23056384,2587
sparse_random,128000,512000,14487692,kosaraju,45842432,4925
sparse_random,128000,512000,14487692,tarjan,40398848,4925
sparse_random,256000,1024000,14487692,kosaraju,86003712,9996
sparse_random,256000,1024000,14487692,tarjan,74186752,9996
dense_random,200,9950,14487692,kosaraju,6234112,1
dense_random,200,9950,14487692,tarjan,6234112,1
dense_random,400,39900,14487692,kosaraju,8003584,1
dense_random,400,39900,14487692,tarjan,8052736,1
dense_random,800,159800,14487692,kosaraju,14753792,1
dense_random,800,159800,14487692,tarjan,14778368,1
dense_random,1600,639600,14487692,kosaraju,39567360,1
dense_random,1600,639600,14487692,tarjan,39718912,1
dense_random,3200,2559200,14487692,kosaraju,139714560,1
dense_random,3200,2559200,14487692,tarjan,139714560,1
clustered,100,409,14487692,kosaraju,5632000,10
clustered,100,409,14487692,tarjan,5627904,10
clustered,200,819,14487692,kosaraju,5648384,20
clustered,200,819,14487692,tarjan,5644288,20
clustered,400,1639,14487692,kosaraju,5697536,40
clustered,400,1639,14487692,tarjan,5693440,40
clustered,800,3279,14487692,kosaraju,5758976,80
clustered,800,3279,14487692,tarjan,5758976,80
clustered,1600,6559,14487692,kosaraju,5902336,160
clustered,1600,6559,14487692,tarjan,5877760,160
clustered,3200,13119,14487692,kosaraju,6221824,320
clustered,3200,13119,14487692,tarjan,6103040,320
