graph_family,vertices,edges,seed,algorithm,run,nanoseconds,components
path,10000,9999,0,kosaraju,1,848900,10000
path,10000,9999,0,tarjan,1,315600,10000
path,10000,9999,0,tarjan,2,331700,10000
path,10000,9999,0,kosaraju,2,904300,10000
path,10000,9999,0,kosaraju,3,883800,10000
path,10000,9999,0,tarjan,3,339800,10000
path,10000,9999,0,tarjan,4,315000,10000
path,10000,9999,0,kosaraju,4,903000,10000
path,10000,9999,0,kosaraju,5,829100,10000
path,10000,9999,0,tarjan,5,350300,10000
path,10000,9999,0,tarjan,6,321600,10000
path,10000,9999,0,kosaraju,6,849600,10000
path,10000,9999,0,kosaraju,7,749700,10000
path,10000,9999,0,tarjan,7,298000,10000
cycle,10000,10000,0,kosaraju,1,723500,1
cycle,10000,10000,0,tarjan,1,323900,1
cycle,10000,10000,0,tarjan,2,312900,1
cycle,10000,10000,0,kosaraju,2,546100,1
cycle,10000,10000,0,kosaraju,3,531800,1
cycle,10000,10000,0,tarjan,3,331800,1
cycle,10000,10000,0,tarjan,4,313400,1
cycle,10000,10000,0,kosaraju,4,530100,1
cycle,10000,10000,0,kosaraju,5,557400,1
cycle,10000,10000,0,tarjan,5,353100,1
cycle,10000,10000,0,tarjan,6,358800,1
cycle,10000,10000,0,kosaraju,6,613300,1
cycle,10000,10000,0,kosaraju,7,590900,1
cycle,10000,10000,0,tarjan,7,332900,1
path,100000,99999,0,kosaraju,1,8598800,100000
path,100000,99999,0,tarjan,1,2452300,100000
path,100000,99999,0,tarjan,2,2496300,100000
path,100000,99999,0,kosaraju,2,8382700,100000
path,100000,99999,0,kosaraju,3,8278700,100000
path,100000,99999,0,tarjan,3,2619000,100000
path,100000,99999,0,tarjan,4,2328300,100000
path,100000,99999,0,kosaraju,4,8189800,100000
path,100000,99999,0,kosaraju,5,8625800,100000
path,100000,99999,0,tarjan,5,2260300,100000
path,100000,99999,0,tarjan,6,2799400,100000
path,100000,99999,0,kosaraju,6,8831900,100000
path,100000,99999,0,kosaraju,7,8804500,100000
path,100000,99999,0,tarjan,7,2523700,100000
cycle,100000,100000,0,kosaraju,1,6376200,1
cycle,100000,100000,0,tarjan,1,2878700,1
cycle,100000,100000,0,tarjan,2,2425700,1
cycle,100000,100000,0,kosaraju,2,6147800,1
cycle,100000,100000,0,kosaraju,3,6279200,1
cycle,100000,100000,0,tarjan,3,2483100,1
cycle,100000,100000,0,tarjan,4,2347700,1
cycle,100000,100000,0,kosaraju,4,6322500,1
cycle,100000,100000,0,kosaraju,5,6358600,1
cycle,100000,100000,0,tarjan,5,2616600,1
cycle,100000,100000,0,tarjan,6,2323000,1
cycle,100000,100000,0,kosaraju,6,6056900,1
cycle,100000,100000,0,kosaraju,7,6334100,1
cycle,100000,100000,0,tarjan,7,2820700,1
path,1000000,999999,0,kosaraju,1,81963900,1000000
path,1000000,999999,0,tarjan,1,21014000,1000000
path,1000000,999999,0,tarjan,2,21548700,1000000
path,1000000,999999,0,kosaraju,2,81496100,1000000
path,1000000,999999,0,kosaraju,3,81487100,1000000
path,1000000,999999,0,tarjan,3,21448400,1000000
path,1000000,999999,0,tarjan,4,21186800,1000000
path,1000000,999999,0,kosaraju,4,81806300,1000000
path,1000000,999999,0,kosaraju,5,81636200,1000000
path,1000000,999999,0,tarjan,5,21504700,1000000
path,1000000,999999,0,tarjan,6,21321600,1000000
path,1000000,999999,0,kosaraju,6,81461100,1000000
path,1000000,999999,0,kosaraju,7,81076600,1000000
path,1000000,999999,0,tarjan,7,21716000,1000000
cycle,1000000,1000000,0,kosaraju,1,60126600,1
cycle,1000000,1000000,0,tarjan,1,22379000,1
cycle,1000000,1000000,0,tarjan,2,21918100,1
cycle,1000000,1000000,0,kosaraju,2,60400200,1
cycle,1000000,1000000,0,kosaraju,3,60535500,1
cycle,1000000,1000000,0,tarjan,3,21895000,1
cycle,1000000,1000000,0,tarjan,4,21646600,1
cycle,1000000,1000000,0,kosaraju,4,59419000,1
cycle,1000000,1000000,0,kosaraju,5,58777700,1
cycle,1000000,1000000,0,tarjan,5,22313200,1
cycle,1000000,1000000,0,tarjan,6,22597500,1
cycle,1000000,1000000,0,kosaraju,6,58436300,1
cycle,1000000,1000000,0,kosaraju,7,58788400,1
cycle,1000000,1000000,0,tarjan,7,22029600,1
sparse_random,1000,4000,14487692,kosaraju,1,216400,33
sparse_random,1000,4000,14487692,tarjan,1,43200,33
sparse_random,1000,4000,14487692,tarjan,2,42700,33
sparse_random,1000,4000,14487692,kosaraju,2,214600,33
sparse_random,1000,4000,14487692,kosaraju,3,226800,33
sparse_random,1000,4000,14487692,tarjan,3,38400,33
sparse_random,1000,4000,14487692,tarjan,4,28100,33
sparse_random,1000,4000,14487692,kosaraju,4,212400,33
sparse_random,1000,4000,14487692,kosaraju,5,228000,33
sparse_random,1000,4000,14487692,tarjan,5,43200,33
sparse_random,1000,4000,14487692,tarjan,6,31700,33
sparse_random,1000,4000,14487692,kosaraju,6,195500,33
sparse_random,1000,4000,14487692,kosaraju,7,199100,33
sparse_random,1000,4000,14487692,tarjan,7,36900,33
sparse_random,2000,8000,14487692,kosaraju,1,440100,70
sparse_random,2000,8000,14487692,tarjan,1,90400,70
sparse_random,2000,8000,14487692,tarjan,2,85200,70
sparse_random,2000,8000,14487692,kosaraju,2,446700,70
sparse_random,2000,8000,14487692,kosaraju,3,413600,70
sparse_random,2000,8000,14487692,tarjan,3,84600,70
sparse_random,2000,8000,14487692,tarjan,4,84500,70
sparse_random,2000,8000,14487692,kosaraju,4,409100,70
sparse_random,2000,8000,14487692,kosaraju,5,407100,70
sparse_random,2000,8000,14487692,tarjan,5,87000,70
sparse_random,2000,8000,14487692,tarjan,6,81900,70
sparse_random,2000,8000,14487692,kosaraju,6,424700,70
sparse_random,2000,8000,14487692,kosaraju,7,401800,70
sparse_random,2000,8000,14487692,tarjan,7,77900,70
sparse_random,4000,16000,14487692,kosaraju,1,811400,151
sparse_random,4000,16000,14487692,tarjan,1,201400,151
sparse_random,4000,16000,14487692,tarjan,2,184200,151
sparse_random,4000,16000,14487692,kosaraju,2,954100,151
sparse_random,4000,16000,14487692,kosaraju,3,923700,151
sparse_random,4000,16000,14487692,tarjan,3,214400,151
sparse_random,4000,16000,14487692,tarjan,4,191900,151
sparse_random,4000,16000,14487692,kosaraju,4,888900,151
sparse_random,4000,16000,14487692,kosaraju,5,862400,151
sparse_random,4000,16000,14487692,tarjan,5,204700,151
sparse_random,4000,16000,14487692,tarjan,6,188200,151
sparse_random,4000,16000,14487692,kosaraju,6,885500,151
sparse_random,4000,16000,14487692,kosaraju,7,813200,151
sparse_random,4000,16000,14487692,tarjan,7,253100,151
sparse_random,8000,32000,14487692,kosaraju,1,2014100,314
sparse_random,8000,32000,14487692,tarjan,1,476600,314
sparse_random,8000,32000,14487692,tarjan,2,441300,314
sparse_random,8000,32000,14487692,kosaraju,2,1745400,314
sparse_random,8000,32000,14487692,kosaraju,3,1731400,314
sparse_random,8000,32000,14487692,tarjan,3,511900,314
sparse_random,8000,32000,14487692,tarjan,4,561800,314
sparse_random,8000,32000,14487692,kosaraju,4,2094500,314
sparse_random,8000,32000,14487692,kosaraju,5,1863100,314
sparse_random,8000,32000,14487692,tarjan,5,460600,314
sparse_random,8000,32000,14487692,tarjan,6,443600,314
sparse_random,8000,32000,14487692,kosaraju,6,2010900,314
sparse_random,8000,32000,14487692,kosaraju,7,1844900,314
sparse_random,8000,32000,14487692,tarjan,7,463500,314
sparse_random,16000,64000,14487692,kosaraju,1,3934900,659
sparse_random,16000,64000,14487692,tarjan,1,1242800,659
sparse_random,16000,64000,14487692,tarjan,2,1118600,659
sparse_random,16000,64000,14487692,kosaraju,2,3848300,659
sparse_random,16000,64000,14487692,kosaraju,3,4237200,659
sparse_random,16000,64000,14487692,tarjan,3,1067600,659
sparse_random,16000,64000,14487692,tarjan,4,1175000,659
sparse_random,16000,64000,14487692,kosaraju,4,4087600,659
sparse_random,16000,64000,14487692,kosaraju,5,4049400,659
sparse_random,16000,64000,14487692,tarjan,5,1032100,659
sparse_random,16000,64000,14487692,tarjan,6,1025500,659
sparse_random,16000,64000,14487692,kosaraju,6,4122100,659
sparse_random,16000,64000,14487692,kosaraju,7,4319800,659
sparse_random,16000,64000,14487692,tarjan,7,1203300,659
sparse_random,32000,128000,14487692,kosaraju,1,9068000,1285
sparse_random,32000,128000,14487692,tarjan,1,3810200,1285
sparse_random,32000,128000,14487692,tarjan,2,2722600,1285
sparse_random,32000,128000,14487692,kosaraju,2,8679400,1285
sparse_random,32000,128000,14487692,kosaraju,3,8912900,1285
sparse_random,32000,128000,14487692,tarjan,3,3789700,1285
sparse_random,32000,128000,14487692,tarjan,4,2781400,1285
sparse_random,32000,128000,14487692,kosaraju,4,9184700,1285
sparse_random,32000,128000,14487692,kosaraju,5,9661700,1285
sparse_random,32000,128000,14487692,tarjan,5,3097000,1285
sparse_random,32000,128000,14487692,tarjan,6,2708500,1285
sparse_random,32000,128000,14487692,kosaraju,6,8544200,1285
sparse_random,32000,128000,14487692,kosaraju,7,9409600,1285
sparse_random,32000,128000,14487692,tarjan,7,3052600,1285
sparse_random,64000,256000,14487692,kosaraju,1,21622700,2587
sparse_random,64000,256000,14487692,tarjan,1,8998200,2587
sparse_random,64000,256000,14487692,tarjan,2,6234300,2587
sparse_random,64000,256000,14487692,kosaraju,2,20452900,2587
sparse_random,64000,256000,14487692,kosaraju,3,23346400,2587
sparse_random,64000,256000,14487692,tarjan,3,9442900,2587
sparse_random,64000,256000,14487692,tarjan,4,6240000,2587
sparse_random,64000,256000,14487692,kosaraju,4,20880900,2587
sparse_random,64000,256000,14487692,kosaraju,5,23325700,2587
sparse_random,64000,256000,14487692,tarjan,5,9865500,2587
sparse_random,64000,256000,14487692,tarjan,6,6568400,2587
sparse_random,64000,256000,14487692,kosaraju,6,23647700,2587
sparse_random,64000,256000,14487692,kosaraju,7,25195100,2587
sparse_random,64000,256000,14487692,tarjan,7,10465300,2587
sparse_random,128000,512000,14487692,kosaraju,1,56722000,4925
sparse_random,128000,512000,14487692,tarjan,1,25485600,4925
sparse_random,128000,512000,14487692,tarjan,2,22854300,4925
sparse_random,128000,512000,14487692,kosaraju,2,58583300,4925
sparse_random,128000,512000,14487692,kosaraju,3,60860600,4925
sparse_random,128000,512000,14487692,tarjan,3,23315700,4925
sparse_random,128000,512000,14487692,tarjan,4,20109700,4925
sparse_random,128000,512000,14487692,kosaraju,4,54443300,4925
sparse_random,128000,512000,14487692,kosaraju,5,59971100,4925
sparse_random,128000,512000,14487692,tarjan,5,23362300,4925
sparse_random,128000,512000,14487692,tarjan,6,20206400,4925
sparse_random,128000,512000,14487692,kosaraju,6,52645300,4925
sparse_random,128000,512000,14487692,kosaraju,7,57038600,4925
sparse_random,128000,512000,14487692,tarjan,7,25098200,4925
sparse_random,256000,1024000,14487692,kosaraju,1,180818200,9996
sparse_random,256000,1024000,14487692,tarjan,1,65750100,9996
sparse_random,256000,1024000,14487692,tarjan,2,61771800,9996
sparse_random,256000,1024000,14487692,kosaraju,2,178396400,9996
sparse_random,256000,1024000,14487692,kosaraju,3,182518700,9996
sparse_random,256000,1024000,14487692,tarjan,3,64407900,9996
sparse_random,256000,1024000,14487692,tarjan,4,66126400,9996
sparse_random,256000,1024000,14487692,kosaraju,4,182624300,9996
sparse_random,256000,1024000,14487692,kosaraju,5,184999000,9996
sparse_random,256000,1024000,14487692,tarjan,5,66335100,9996
sparse_random,256000,1024000,14487692,tarjan,6,63370100,9996
sparse_random,256000,1024000,14487692,kosaraju,6,188181300,9996
sparse_random,256000,1024000,14487692,kosaraju,7,189709700,9996
sparse_random,256000,1024000,14487692,tarjan,7,65586300,9996
dense_random,200,9950,14487692,kosaraju,1,196800,1
dense_random,200,9950,14487692,tarjan,1,22700,1
dense_random,200,9950,14487692,tarjan,2,21300,1
dense_random,200,9950,14487692,kosaraju,2,170000,1
dense_random,200,9950,14487692,kosaraju,3,166900,1
dense_random,200,9950,14487692,tarjan,3,23400,1
dense_random,200,9950,14487692,tarjan,4,22700,1
dense_random,200,9950,14487692,kosaraju,4,403700,1
dense_random,200,9950,14487692,kosaraju,5,188100,1
dense_random,200,9950,14487692,tarjan,5,31300,1
dense_random,200,9950,14487692,tarjan,6,30300,1
dense_random,200,9950,14487692,kosaraju,6,202800,1
dense_random,200,9950,14487692,kosaraju,7,169500,1
dense_random,200,9950,14487692,tarjan,7,24700,1
dense_random,400,39900,14487692,kosaraju,1,620900,1
dense_random,400,39900,14487692,tarjan,1,115600,1
dense_random,400,39900,14487692,tarjan,2,89200,1
dense_random,400,39900,14487692,kosaraju,2,565700,1
dense_random,400,39900,14487692,kosaraju,3,558700,1
dense_random,400,39900,14487692,tarjan,3,79800,1
dense_random,400,39900,14487692,tarjan,4,74300,1
dense_random,400,39900,14487692,kosaraju,4,552900,1
dense_random,400,39900,14487692,kosaraju,5,608800,1
dense_random,400,39900,14487692,tarjan,5,89700,1
dense_random,400,39900,14487692,tarjan,6,77100,1
dense_random,400,39900,14487692,kosaraju,6,573300,1
dense_random,400,39900,14487692,kosaraju,7,574400,1
dense_random,400,39900,14487692,tarjan,7,80800,1
dense_random,800,159800,14487692,kosaraju,1,2289000,1
dense_random,800,159800,14487692,tarjan,1,360200,1
dense_random,800,159800,14487692,tarjan,2,331800,1
dense_random,800,159800,14487692,kosaraju,2,2370300,1
dense_random,800,159800,14487692,kosaraju,3,2876900,1
dense_random,800,159800,14487692,tarjan,3,410200,1
dense_random,800,159800,14487692,tarjan,4,354500,1
dense_random,800,159800,14487692,kosaraju,4,2419800,1
dense_random,800,159800,14487692,kosaraju,5,2239700,1
dense_random,800,159800,14487692,tarjan,5,393500,1
dense_random,800,159800,14487692,tarjan,6,478700,1
dense_random,800,159800,14487692,kosaraju,6,2581100,1
dense_random,800,159800,14487692,kosaraju,7,2185400,1
dense_random,800,159800,14487692,tarjan,7,319800,1
dense_random,1600,639600,14487692,kosaraju,1,10016600,1
dense_random,1600,639600,14487692,tarjan,1,1700100,1
dense_random,1600,639600,14487692,tarjan,2,1225300,1
dense_random,1600,639600,14487692,kosaraju,2,10455200,1
dense_random,1600,639600,14487692,kosaraju,3,11097500,1
dense_random,1600,639600,14487692,tarjan,3,1852100,1
dense_random,1600,639600,14487692,tarjan,4,1296500,1
dense_random,1600,639600,14487692,kosaraju,4,9989300,1
dense_random,1600,639600,14487692,kosaraju,5,10119700,1
dense_random,1600,639600,14487692,tarjan,5,1757000,1
dense_random,1600,639600,14487692,tarjan,6,1355800,1
dense_random,1600,639600,14487692,kosaraju,6,10307300,1
dense_random,1600,639600,14487692,kosaraju,7,9958800,1
dense_random,1600,639600,14487692,tarjan,7,1606400,1
dense_random,3200,2559200,14487692,kosaraju,1,33973300,1
dense_random,3200,2559200,14487692,tarjan,1,5327900,1
dense_random,3200,2559200,14487692,tarjan,2,5294400,1
dense_random,3200,2559200,14487692,kosaraju,2,35164700,1
dense_random,3200,2559200,14487692,kosaraju,3,35070700,1
dense_random,3200,2559200,14487692,tarjan,3,6047700,1
dense_random,3200,2559200,14487692,tarjan,4,5090600,1
dense_random,3200,2559200,14487692,kosaraju,4,34264600,1
dense_random,3200,2559200,14487692,kosaraju,5,37890500,1
dense_random,3200,2559200,14487692,tarjan,5,9505000,1
dense_random,3200,2559200,14487692,tarjan,6,6630700,1
dense_random,3200,2559200,14487692,kosaraju,6,39315800,1
dense_random,3200,2559200,14487692,kosaraju,7,31516900,1
dense_random,3200,2559200,14487692,tarjan,7,5398200,1
clustered,100,409,14487692,kosaraju,1,16600,10
clustered,100,409,14487692,tarjan,1,3900,10
clustered,100,409,14487692,tarjan,2,2800,10
clustered,100,409,14487692,kosaraju,2,14300,10
clustered,100,409,14487692,kosaraju,3,13900,10
clustered,100,409,14487692,tarjan,3,2700,10
clustered,100,409,14487692,tarjan,4,2500,10
clustered,100,409,14487692,kosaraju,4,13400,10
clustered,100,409,14487692,kosaraju,5,13500,10
clustered,100,409,14487692,tarjan,5,2500,10
clustered,100,409,14487692,tarjan,6,3500,10
clustered,100,409,14487692,kosaraju,6,12600,10
clustered,100,409,14487692,kosaraju,7,12800,10
clustered,100,409,14487692,tarjan,7,2500,10
clustered,200,819,14487692,kosaraju,1,34400,20
clustered,200,819,14487692,tarjan,1,14700,20
clustered,200,819,14487692,tarjan,2,5500,20
clustered,200,819,14487692,kosaraju,2,30300,20
clustered,200,819,14487692,kosaraju,3,28600,20
clustered,200,819,14487692,tarjan,3,5400,20
clustered,200,819,14487692,tarjan,4,4400,20
clustered,200,819,14487692,kosaraju,4,28000,20
clustered,200,819,14487692,kosaraju,5,27700,20
clustered,200,819,14487692,tarjan,5,4800,20
clustered,200,819,14487692,tarjan,6,4300,20
clustered,200,819,14487692,kosaraju,6,27600,20
clustered,200,819,14487692,kosaraju,7,27300,20
clustered,200,819,14487692,tarjan,7,4700,20
clustered,400,1639,14487692,kosaraju,1,66100,40
clustered,400,1639,14487692,tarjan,1,23400,40
clustered,400,1639,14487692,tarjan,2,9500,40
clustered,400,1639,14487692,kosaraju,2,63900,40
clustered,400,1639,14487692,kosaraju,3,60300,40
clustered,400,1639,14487692,tarjan,3,9900,40
clustered,400,1639,14487692,tarjan,4,8700,40
clustered,400,1639,14487692,kosaraju,4,59400,40
clustered,400,1639,14487692,kosaraju,5,57700,40
clustered,400,1639,14487692,tarjan,5,9100,40
clustered,400,1639,14487692,tarjan,6,8300,40
clustered,400,1639,14487692,kosaraju,6,56500,40
clustered,400,1639,14487692,kosaraju,7,56600,40
clustered,400,1639,14487692,tarjan,7,9000,40
clustered,800,3279,14487692,kosaraju,1,154300,80
clustered,800,3279,14487692,tarjan,1,41400,80
clustered,800,3279,14487692,tarjan,2,20200,80
clustered,800,3279,14487692,kosaraju,2,137000,80
clustered,800,3279,14487692,kosaraju,3,142800,80
clustered,800,3279,14487692,tarjan,3,31000,80
clustered,800,3279,14487692,tarjan,4,18500,80
clustered,800,3279,14487692,kosaraju,4,162400,80
clustered,800,3279,14487692,kosaraju,5,144500,80
clustered,800,3279,14487692,tarjan,5,26400,80
clustered,800,3279,14487692,tarjan,6,19000,80
clustered,800,3279,14487692,kosaraju,6,138500,80
clustered,800,3279,14487692,kosaraju,7,143000,80
clustered,800,3279,14487692,tarjan,7,26100,80
clustered,1600,6559,14487692,kosaraju,1,375500,160
clustered,1600,6559,14487692,tarjan,1,76000,160
clustered,1600,6559,14487692,tarjan,2,40500,160
clustered,1600,6559,14487692,kosaraju,2,359000,160
clustered,1600,6559,14487692,kosaraju,3,322900,160
clustered,1600,6559,14487692,tarjan,3,61600,160
clustered,1600,6559,14487692,tarjan,4,46300,160
clustered,1600,6559,14487692,kosaraju,4,305500,160
clustered,1600,6559,14487692,kosaraju,5,304200,160
clustered,1600,6559,14487692,tarjan,5,58300,160
clustered,1600,6559,14487692,tarjan,6,38400,160
clustered,1600,6559,14487692,kosaraju,6,285400,160
clustered,1600,6559,14487692,kosaraju,7,302100,160
clustered,1600,6559,14487692,tarjan,7,59300,160
clustered,3200,13119,14487692,kosaraju,1,620800,320
clustered,3200,13119,14487692,tarjan,1,124400,320
clustered,3200,13119,14487692,tarjan,2,131100,320
clustered,3200,13119,14487692,kosaraju,2,613200,320
clustered,3200,13119,14487692,kosaraju,3,689200,320
clustered,3200,13119,14487692,tarjan,3,148600,320
clustered,3200,13119,14487692,tarjan,4,137500,320
clustered,3200,13119,14487692,kosaraju,4,642900,320
clustered,3200,13119,14487692,kosaraju,5,721100,320
clustered,3200,13119,14487692,tarjan,5,137800,320
clustered,3200,13119,14487692,tarjan,6,126500,320
clustered,3200,13119,14487692,kosaraju,6,674600,320
clustered,3200,13119,14487692,kosaraju,7,645500,320
clustered,3200,13119,14487692,tarjan,7,126900,320
